,Country Name,Mean Diff %,Max Diff %,Data Points
TJK,Tajikistan,7.689554877663767,75.86767819336626,16
NER,Niger,4.399093243757748,37.558009092519335,17
BLZ,Belize,2.5148116885527934,12.850029860574763,18
MDA,Moldova,2.4427579656107685,23.183744607248993,18
ZWE,Zimbabwe,1.701730987394821,16.35244076593522,18
MLI,Mali,1.6782877137750445,11.873910295772063,18
COD,"Congo, Dem. Rep.",1.4433543221155982,9.090267556505434,18
BWA,Botswana,1.2600679542349091,15.562203903046804,18
TCD,Chad,1.2094430668834066,19.28636979019963,18
COM,Comoros,1.1358684126368512,12.233470200135619,16
STP,Sao Tome and Principe,0.9805217488844503,9.641656776051523,18
NPL,Nepal,0.9133765329725014,8.855685043609087,18
NGA,Nigeria,0.8972418131396114,9.82933211265688,18
CHN,China,0.8910172342036555,16.929327449869454,19
BRB,Barbados,0.8346159017373422,4.575613058398442,18
DZA,Algeria,0.7391909031544402,9.023546250052837,18
TTO,Trinidad and Tobago,0.6906949343766511,6.7921518987341685,18
AGO,Angola,0.625134641569334,7.070889587336322,18
LSO,Lesotho,0.5551171321253862,8.017131320328962,18
KHM,Cambodia,0.5531234461082885,5.160683061650412,17
SLV,El Salvador,0.5323624872005327,5.3825518015788765,18
SYC,Seychelles,0.5052381208972326,8.162234124895509,17
SUR,Suriname,0.4918806767716118,6.361817979775528,18
PAN,Panama,0.412469612245398,5.564031327903693,18
LBY,Libya,0.40361890098395203,5.006058967627794,13
KGZ,Kyrgyz Republic,0.38124409290937716,3.5461819749957075,18
KNA,St. Kitts and Nevis,0.35582602455543977,7.583170112860804,18
COG,"Congo, Rep.",0.3303911387360994,3.4402942044698994,16
PHL,Philippines,0.30720250059102655,5.529645010638478,18
BDI,Burundi,0.30138536143365047,7.855978634408818,18
CHL,Chile,0.26961231785450235,3.154938027215308,19
AUS,Australia,0.24285758156048262,2.2831858780178838,18
BRN,Brunei Darussalam,0.18992835060001415,2.098146356767493,18
IRL,Ireland,0.1755887767228651,2.0829804353349717,18
SEN,Senegal,0.16028249452908883,4.149772347341751,18
ZAF,South Africa,0.11704438372663287,1.0993427138876843,18
GBR,United Kingdom,0.11047502767172612,1.0044975309729716,18
GTM,Guatemala,0.10255521060733157,1.8459937909319681,18
MCO,Monaco,0.08802218965197227,0.7848331327456601,17
BHS,"Bahamas, The",0.05331836483972401,0.6198362531687641,18
NZL,New Zealand,0.04917140124654916,0.485010430387992,18
CAN,Canada,0.038433810891596226,0.6918085960487321,18
PSE,West Bank and Gaza,0.022402027309505246,0.42563851888059967,19
DMA,Dominica,0.020109116857980235,0.4217334178500268,17
CRI,Costa Rica,0.016575852920682844,0.31494120549297405,19
MLT,Malta,0.009001402604050981,0.17102664947696866,19
BGD,Bangladesh,0.0001644136100069361,0.003123858590131786,19
GEO,Georgia,6.427562208782183e-06,0.00012212368196686148,19
THA,Thailand,5.878311429372539e-06,0.00011168791715807823,19
XKX,Kosovo,0.0,0.0,2
UKR,Ukraine,0.0,0.0,17
URY,Uruguay,0.0,0.0,18
NCL,New Caledonia,0.0,0.0,12
MYS,Malaysia,0.0,0.0,19
MUS,Mauritius,0.0,0.0,18
YEM,"Yemen, Rep.",0.0,0.0,14
MNE,Montenegro,0.0,0.0,18
MEX,Mexico,0.0,0.0,19
UZB,Uzbekistan,0.0,0.0,19
VEN,"Venezuela, RB",0.0,0.0,13
NOR,Norway,0.0,0.0,19
MAR,Morocco,0.0,0.0,18
LVA,Latvia,0.0,0.0,19
LUX,Luxembourg,0.0,0.0,19
VGB,British Virgin Islands,0.0,0.0,6
LTU,Lithuania,0.0,0.0,19
VIR,Virgin Islands (U.S.),0.0,0.0,13
VNM,Viet Nam,0.0,0.0,19
KOR,"Korea, Rep.",0.0,0.0,19
NLD,Netherlands,0.0,0.0,19
SVN,Slovenia,0.0,0.0,19
UGA,Uganda,0.0,0.0,14
SAU,Saudi Arabia,0.0,0.0,19
SWE,Sweden,0.0,0.0,19
SYR,Syrian Arab Republic,0.0,0.0,15
TKM,Turkmenistan,0.0,0.0,13
SSD,South Sudan,0.0,0.0,8
SRB,Serbia,0.0,0.0,19
SOM,"Somalia, Fed. Rep.",0.0,0.0,14
SMR,San Marino,0.0,0.0,11
TON,Tonga,0.0,0.0,14
KAZ,Kazakhstan,0.0,0.0,19
SDN,Sudan,0.0,0.0,7
RUS,Russian Federation,0.0,0.0,19
NRU,Nauru,0.0,0.0,4
ROU,Romania,0.0,0.0,19
PYF,French Polynesia,0.0,0.0,13
PRY,Paraguay,0.0,0.0,19
PRT,Portugal,0.0,0.0,19
PRK,"Korea, Dem. People's Rep.",0.0,0,8
PRI,Puerto Rico (US),0.0,0.0,17
POL,Poland,0.0,0.0,19
TUR,Turkiye,0.0,0.0,19
PER,Peru,0.0,0.0,18
SVK,Slovak Republic,0.0,0.0,19
KEN,Kenya,0.0,0.0,15
ABW,Aruba,0.0,0.0,13
JPN,Japan,0.0,0.0,18
GRL,Greenland,0.0,0.0,13
GIB,Gibraltar,0.0,0.0,9
FSM,"Micronesia, Fed. Sts.",0.0,0.0,16
FRO,Faroe Islands,0.0,0.0,13
FRA,France,0.0,0.0,19
FIN,Finland,0.0,0.0,19
ETH,Ethiopia,0.0,0.0,17
JOR,Jordan,0.0,0.0,18
ESP,Spain,0.0,0.0,19
EGY,"Egypt, Arab Rep.",0.0,0.0,18
DNK,Denmark,0.0,0.0,19
DEU,Germany,0.0,0.0,19
CYM,Cayman Islands,0.0,0.0,13
CUW,Curacao,0.0,0.0,2
COL,Colombia,0.0,0.0,18
CAF,Central African Republic,0.0,0.0,15
BRA,Brazil,0.0,0.0,19
BMU,Bermuda,0.0,0.0,13
BLR,Belarus,0.0,0.0,18
BIH,Bosnia and Herzegovina,0.0,0.0,19
BHR,Bahrain,0.0,0.0,19
BGR,Bulgaria,0.0,0.0,19
BEL,Belgium,0.0,0.0,19
AZE,Azerbaijan,0.0,0.0,18
AUT,Austria,0.0,0.0,19
ARM,Armenia,0.0,0.0,18
ARG,Argentina,0.0,0.0,19
ARE,United Arab Emirates,0.0,0.0,19
AND,Andorra,0.0,0.0,17
ALB,Albania,0.0,0.0,19
GRC,Greece,0.0,0.0,19
EST,Estonia,0.0,0.0,19
HUN,Hungary,0.0,0.0,19
IRQ,Iraq,0.0,0.0,18
HRV,Croatia,0.0,0.0,19
ITA,Italy,0.0,0.0,19
ISR,Israel,0.0,0.0,18
IDN,Indonesia,0.0,0.0,19
IND,India,0.0,0.0,16
HKG,"Hong Kong SAR, China",0.0,0.0,18
HTI,Haiti,0.0,0.0,15
GUM,Guam,0.0,0.0,13
CYP,Cyprus,-5.76966526877921e-06,0.000109623640106805,19
CZE,Czechia,-6.120370926507238e-06,0.00011628704760363751,19
SGP,Singapore,-6.140312732791864e-05,0.0011666594192304542,19
ISL,Iceland,-0.002687189450194227,0.04836941010349608,18
KWT,Kuwait,-0.0063204114392805735,0.1200878173463309,19
MMR,Myanmar,-0.013797364615225197,28.405160210948083,17
CHE,Switzerland,-0.019126972761298603,0.36341248246467345,19
LIE,Liechtenstein,-0.021377204850863144,0.36341248246467345,17
MKD,North Macedonia,-0.025301735293382248,1.3786133642984235,18
CPV,Cabo Verde,-0.034351618197220976,1.5309239063428302,18
BTN,Bhutan,-0.03518591662575486,0.6333464992635875,18
GHA,Ghana,-0.03816632978795426,0.6869939361831767,18
QAT,Qatar,-0.03857777777777787,0.34720000000000084,18
ECU,Ecuador,-0.08190031520938715,1.5561059889783557,19
MAC,"Macao SAR, China",-0.1124149462873368,2.0234690331720624,18
MNG,Mongolia,-0.1297451572731772,2.0759225163708352,16
OMN,Oman,-0.1694988995833319,2.660936749481347,19
NAM,Namibia,-0.17279525345142377,1.714216828739058,18
JAM,Jamaica,-0.17447571457569244,3.140562862362464,18
IRN,"Iran, Islamic Rep.",-0.18056898265422752,3.2502416877760956,18
DOM,Dominican Republic,-0.18898574861136175,3.4017434750045115,18
MDV,Maldives,-0.21357468635149132,3.844344354326844,18
TUN,Tunisia,-0.24714047031854014,4.448528465733722,18
LAO,Lao PDR,-0.29011920189884566,5.222145634179222,18
SWZ,Eswatini,-0.29271557944649834,3.920902225670296,18
LKA,Sri Lanka,-0.3004754520519876,3.6057054246238516,12
HND,Honduras,-0.31229120166745433,5.566412955194389,18
CMR,Cameroon,-0.3304031100178694,4.760059184413262,18
CUB,Cuba,-0.376942340371998,6.784962126695963,18
CIV,Cote d'Ivoire,-0.4013865376586796,7.224957677856232,18
BOL,Bolivia,-0.4489363092506251,8.080853566511252,18
AFG,Afghanistan,-0.45906929347826025,7.345108695652164,16
KIR,Kiribati,-0.5300247877303447,7.950371815955171,15
TGO,Togo,-0.6820068746570689,6.665723224970847,18
DJI,Djibouti,-0.7804380594110071,4.134831963961194,18
GNQ,Equatorial Guinea,-0.8370041375631957,11.18838419438695,17
TLS,Timor-Leste,-0.9288853721460119,15.316756682477717,18
USA,United States,-0.9567291438722276,6.4529990639573915,18
BEN,Benin,-1.0750836898069809,11.098275484149966,18
PNG,Papua New Guinea,-1.2813825479683112,12.076247638101586,17
GRD,Grenada,-1.30527881713592,8.057995621529853,18
LBN,Lebanon,-1.3288846074194243,8.055550003220352,18
RWA,Rwanda,-1.5465591481541987,16.95569448219624,17
ZMB,Zambia,-1.7433888225969545,51.97571892348771,18
GAB,Gabon,-2.198620295233304,13.34764979508048,18
PAK,Pakistan,-2.2667254162048085,26.52100544484439,18
SLB,Solomon Islands,-2.347872833676312,16.0679296230093,18
TUV,Tuvalu,-2.4602087400530244,19.108485414037737,16
GUY,Guyana,-2.668355727400371,13.928245738044032,18
MHL,Marshall Islands,-2.7333940580750484,20.791730311334746,16
VCT,St. Vincent and the Grenadines,-3.3159477193308344,19.45698359973123,18
MOZ,Mozambique,-3.5609767632388047,19.868311095407147,18
ATG,Antigua and Barbuda,-3.87038641379244,15.585976941833868,18
GIN,Guinea,-4.053885912137157,27.201603631754274,18
GMB,"Gambia, The",-4.400484744178641,24.24241814088909,18
GNB,Guinea-Bissau,-4.446257556651108,27.37551742010608,18
NIC,Nicaragua,-4.569458023516027,23.06218473301091,18
FJI,Fiji,-4.81060085208106,18.4442079659471,18
BFA,Burkina Faso,-4.8915776633005175,30.803162126292705,18
LCA,St. Lucia,-5.09824863941179,18.1388674188366,18
MDG,Madagascar,-5.217670809471624,28.223848896305846,18
ERI,Eritrea,-6.00693650828098,39.708910009159595,16
WSM,Samoa,-6.1540708471275405,26.1023699148466,18
MWI,Malawi,-6.598613135891229,38.37619166404564,19
TZA,Tanzania,-6.976037955527941,35.92466399116545,18
LBR,Liberia,-7.076038859929145,29.2850403797187,16
SLE,Sierra Leone,-7.771757673360256,37.67024293635162,18
VUT,Vanuatu,-7.983481794569207,35.61335282954299,18
MRT,Mauritania,-10.893360820902618,40.69616050774208,18
